{"ResNet50": {"accuracy": [0.8022440671920776, 0.8973352313041687, 0.9093968868255615, 0.9223001599311829, 0.9315568208694458, 0.939410924911499, 0.9380084276199341, 0.9413744807243347, 0.9427769780158997, 0.946984589099884, 0.9517531394958496, 0.948667585849762, 0.9511921405792236, 0.9610098004341125, 0.9531556963920593, 0.9626928567886353, 0.9635343551635742, 0.9657784104347229, 0.9638148546218872, 0.9632538557052612, 0.9635343551635742, 0.9649369120597839, 0.9654979109764099, 0.9643758535385132, 0.9626928567886353, 0.9669004082679749, 0.9638148546218872, 0.9640953540802002, 0.9669004082679749, 0.9722300171852112, 0.9699859619140625, 0.9708274602890015, 0.9733520150184631, 0.9727910161018372, 0.9677419066429138, 0.9685834646224976, 0.9694249629974365, 0.9691444635391235, 0.9713885188102722, 0.9716690182685852, 0.9683029651641846, 0.9727910161018372, 0.9691444635391235, 0.9691444635391235, 0.9711080193519592, 0.9713885188102722, 0.9699859619140625, 0.9725105166435242, 0.9719495177268982, 0.9708274602890015], "loss": [0.5983799695968628, 0.3426811099052429, 0.29173576831817627, 0.2649446725845337, 0.23501180112361908, 0.21319927275180817, 0.2034890502691269, 0.18450702726840973, 0.18172957003116608, 0.16645248234272003, 0.15493126213550568, 0.1559920608997345, 0.1486377716064453, 0.13288967311382294, 0.14144344627857208, 0.12492562085390091, 0.11744951456785202, 0.10877241939306259, 0.11347512155771255, 0.11268944293260574, 0.11384958773851395, 0.11356901377439499, 0.10489080846309662, 0.10688808560371399, 0.11273356527090073, 0.10000967979431152, 0.10613942891359329, 0.09519170224666595, 0.10003820806741714, 0.08270182460546494, 0.09551438689231873, 0.09252738207578659, 0.08222758769989014, 0.08574698865413666, 0.0928792804479599, 0.08844141662120819, 0.08862581104040146, 0.09090464562177658, 0.08029478043317795, 0.08227220922708511, 0.0916728675365448, 0.0809970423579216, 0.08579621464014053, 0.08244144171476364, 0.08364812284708023, 0.08499494194984436, 0.08251833915710449, 0.0827086865901947, 0.08407284319400787, 0.08626122027635574], "val_accuracy": [0.8913580179214478, 0.8962963223457336, 0.8987654447555542, 0.8913580179214478, 0.8975308537483215, 0.8938271403312683, 0.895061731338501, 0.8975308537483215, 0.8975308537483215, 0.8987654447555542, 0.895061731338501, 0.8938271403312683, 0.8962963223457336, 0.895061731338501, 0.8987654447555542, 0.895061731338501, 0.8975308537483215, 0.8999999761581421, 0.8975308537483215, 0.8901234865188599, 0.8901234865188599, 0.8901234865188599, 0.8938271403312683, 0.8876543045043945, 0.8987654447555542, 0.8938271403312683, 0.8901234865188599, 0.8876543045043945, 0.885185182094574, 0.8962963223457336, 0.8913580179214478, 0.8938271403312683, 0.8938271403312683, 0.8925926089286804, 0.8839505910873413, 0.9012345671653748, 0.8913580179214478, 0.8925926089286804, 0.8913580179214478, 0.8913580179214478, 0.8962963223457336, 0.8938271403312683, 0.885185182094574, 0.8913580179214478, 0.8901234865188599, 0.8888888955116272, 0.895061731338501, 0.8913580179214478, 0.885185182094574, 0.8975308537483215], "val_loss": [0.3835802674293518, 0.36009860038757324, 0.35938113927841187, 0.3636590540409088, 0.36486297845840454, 0.3588990271091461, 0.3797408938407898, 0.38164180517196655, 0.3770773112773895, 0.3860630989074707, 0.39004549384117126, 0.38934099674224854, 0.39201706647872925, 0.4108407497406006, 0.4095955491065979, 0.40862134099006653, 0.4119279980659485, 0.4119604825973511, 0.41689953207969666, 0.42517727613449097, 0.4395318329334259, 0.4289636015892029, 0.4477079510688782, 0.4646519720554352, 0.44934582710266113, 0.4646506607532501, 0.45800167322158813, 0.4824633300304413, 0.4835628867149353, 0.4725816547870636, 0.48702019453048706, 0.4835631251335144, 0.48652946949005127, 0.4772367477416992, 0.4872182607650757, 0.48125508427619934, 0.4930395185947418, 0.5019994378089905, 0.5053577423095703, 0.5146903395652771, 0.5112873315811157, 0.5120887756347656, 0.5073202252388, 0.5132798552513123, 0.5281769037246704, 0.5460593104362488, 0.5287999510765076, 0.5416927337646484, 0.5564855933189392, 0.5297776460647583]}, "DenseNet121": {"accuracy": [0.7433379888534546, 0.8886395692825317, 0.896493673324585, 0.9054698348045349, 0.9130434989929199, 0.9133239984512329, 0.9197756052017212, 0.9228611588478088, 0.9197756052017212, 0.9194951057434082, 0.9234221577644348, 0.9225806593894958, 0.9315568208694458, 0.9309958219528198, 0.9295932650566101, 0.9343618750572205, 0.9301542639732361, 0.9304347634315491, 0.9248246550559998, 0.9290322661399841, 0.9287517666816711, 0.9301542639732361, 0.9329593181610107, 0.9315568208694458, 0.9307152628898621, 0.9321178197860718, 0.9281907677650452, 0.9312763214111328, 0.9338008165359497, 0.9293127655982971, 0.9287517666816711, 0.9326788187026978, 0.9326788187026978, 0.9321178197860718, 0.9318373203277588, 0.9290322661399841, 0.9318373203277588, 0.9371669292449951, 0.9304347634315491, 0.9352033734321594, 0.9293127655982971, 0.9301542639732361, 0.9329593181610107, 0.9293127655982971, 0.9354838728904724, 0.9357643723487854, 0.9363253712654114, 0.9326788187026978, 0.9315568208694458, 0.9349228739738464], "loss": [0.7385589480400085, 0.37426435947418213, 0.3351723849773407, 0.3268418312072754, 0.30196720361709595, 0.2892269492149353, 0.2689909338951111, 0.26248374581336975, 0.26364317536354065, 0.25806254148483276, 0.255808025598526, 0.25063616037368774, 0.23879972100257874, 0.23348867893218994, 0.22831664979457855, 0.2223580777645111, 0.23181553184986115, 0.22759024798870087, 0.22601407766342163, 0.2215498983860016, 0.22863665223121643, 0.2201044261455536, 0.22223864495754242, 0.22111843526363373, 0.2177940458059311, 0.21102292835712433, 0.221044659614563, 0.21857140958309174, 0.20707033574581146, 0.21800313889980316, 0.21270249783992767, 0.2103492021560669, 0.20477129518985748, 0.208247572183609, 0.21048496663570404, 0.21915027499198914, 0.20317190885543823, 0.19877637922763824, 0.2080831229686737, 0.19845731556415558, 0.20397347211837769, 0.2114780992269516, 0.2020656019449234, 0.21816065907478333, 0.1986103057861328, 0.19343912601470947, 0.2020559459924698, 0.20936833322048187, 0.19312269985675812, 0.20231039822101593], "val_accuracy": [0.8790123462677002, 0.8839505910873413, 0.8888888955116272, 0.8876543045043945, 0.8802469372749329, 0.8938271403312683, 0.8938271403312683, 0.8999999761581421, 0.8938271403312683, 0.8987654447555542, 0.8925926089286804, 0.8987654447555542, 0.9024691581726074, 0.9012345671653748, 0.9012345671653748, 0.9012345671653748, 0.8999999761581421, 0.9074074029922485, 0.9074074029922485, 0.904938280582428, 0.9098765254020691, 0.9037036895751953, 0.9098765254020691, 0.9061728119850159, 0.9012345671653748, 0.9061728119850159, 0.9061728119850159, 0.9098765254020691, 0.9061728119850159, 0.9074074029922485, 0.9074074029922485, 0.9061728119850159, 0.9074074029922485, 0.9024691581726074, 0.9024691581726074, 0.904938280582428, 0.9086419939994812, 0.9074074029922485, 0.9061728119850159, 0.9061728119850159, 0.904938280582428, 0.904938280582428, 0.904938280582428, 0.9024691581726074, 0.9074074029922485, 0.8999999761581421, 0.9024691581726074, 0.9037036895751953, 0.9074074029922485, 0.9074074029922485],